county,date,hospitalizaion,drytoflood,drought,flood,tmlag021,rh,holiday
A,2021-01-01,1848,0,0,0,3.4,70.1,1
A,2021-01-02,1853,0,0,0,3.4,58.7,1
A,2021-01-03,1855,0,0,0,3.2,69.5,1
A,2021-01-04,1894,0,0,0,3.3,69.4,0
A,2021-01-05,1890,0,0,0,3.3,75.3,0
A,2021-01-06,1874,0,0,0,3.3,51.8,0
A,2021-01-07,1855,0,0,0,3,38.1,0
A,2021-01-08,1866,0,0,0,2.7,45.5,0
A,2021-01-09,1854,0,1,0,2.5,48.7,0
A,2021-01-10,1862,0,1,0,2.5,35.3,0
A,2021-01-11,1876,0,1,0,2.6,39.5,0
A,2021-01-12,1894,0,1,0,2.7,51.2,0
A,2021-01-13,1889,0,1,0,2.9,53.3,0
A,2021-01-14,1870,0,1,0,3,49.5,0
A,2021-01-15,1885,0,1,0,3.2,34.9,0
A,2021-01-16,1847,0,1,0,3,52.6,0
A,2021-01-17,1839,0,1,0,2.9,43.3,0
A,2021-01-18,1894,0,1,0,2.8,58.1,0
A,2021-01-19,1876,0,1,0,2.8,47.2,0
A,2021-01-20,1892,0,1,0,3.1,61.2,0
A,2021-01-21,1887,0,0,0,3.6,82.1,0
A,2021-01-22,1875,0,0,0,4,91.6,0
A,2021-01-23,1864,0,0,0,4.3,88.8,0
A,2021-01-24,1865,0,0,0,4.4,92.2,0
A,2021-01-25,1877,0,0,0,4.4,94,0
A,2021-01-26,1898,0,0,0,4.5,79.6,0
A,2021-01-27,1895,0,0,0,4.6,94.8,0
A,2021-01-28,1871,0,0,0,4.7,71,0
A,2021-01-29,1889,0,0,0,5.3,52,0
A,2021-01-30,1881,0,0,0,5.7,61.7,0
A,2021-01-31,1870,0,0,0,6,88.9,0
A,2021-02-01,1870,0,0,0,6.2,91.9,0
A,2021-02-02,1881,0,0,0,6.4,84.6,0
A,2021-02-03,1872,0,0,0,6.6,76.8,0
A,2021-02-04,1870,0,0,0,6.7,77.3,0
A,2021-02-05,1866,0,0,0,6.7,84.6,0
A,2021-02-06,1843,0,0,0,6.7,92.7,0
A,2021-02-07,1831,0,0,0,6.9,77.5,0
A,2021-02-08,1838,0,0,0,7.1,72.6,0
A,2021-02-09,1834,0,0,0,7.2,80,0
A,2021-02-10,1815,0,0,0,7.3,81.9,0
A,2021-02-11,1811,0,0,0,7.6,76.3,1
A,2021-02-12,1813,0,0,0,7.8,91.5,1
A,2021-02-13,1818,0,0,0,8.1,76.8,1
A,2021-02-14,1829,0,1,0,8.4,73.8,1
A,2021-02-15,1831,0,1,0,8.5,70.8,1
A,2021-02-16,1826,0,1,0,8.9,54.7,1
A,2021-02-17,1861,0,1,0,9,52.2,1
A,2021-02-18,1890,0,1,0,9.3,55.7,0
A,2021-02-19,1914,0,1,0,9.8,55.7,0
A,2021-02-20,1906,0,1,0,10.1,54.4,0
A,2021-02-21,1869,0,1,0,10.6,60.2,0
A,2021-02-22,1893,0,1,0,11.1,50.3,0
A,2021-02-23,1890,0,1,0,11.3,59.7,0
A,2021-02-24,1873,0,0,0,11.4,83.4,0
A,2021-02-25,1843,0,0,0,11.1,91.5,0
A,2021-02-26,1829,0,0,0,11,90,0
A,2021-02-27,1879,0,0,0,11,85.4,0
A,2021-02-28,1901,0,0,0,11,97.6,0
A,2021-03-01,1926,0,0,0,10.8,85.9,0
A,2021-03-02,1934,0,0,0,10.9,67.4,0
A,2021-03-03,1919,0,0,0,10.9,78.5,0
A,2021-03-04,1909,0,0,0,11,72.2,0
A,2021-03-05,1887,0,0,1,10.9,91.6,0
A,2021-03-06,1856,0,0,1,10.6,89.4,0
A,2021-03-07,1864,0,0,1,10.3,76.8,0
A,2021-03-08,1910,0,0,1,10,90.6,0
A,2021-03-09,1869,0,0,1,10,82.2,0
A,2021-03-10,1906,0,0,1,10,85.9,0
A,2021-03-11,1886,0,0,1,10,91.8,0
A,2021-03-12,1867,0,0,1,10,80.8,0
A,2021-03-13,1862,0,0,1,10,77.8,0
A,2021-03-14,1859,0,0,1,10,73.6,0
A,2021-03-15,1913,0,0,1,10,93.7,0
A,2021-03-16,1917,0,0,1,9.8,82.4,0
A,2021-03-17,1893,0,0,1,9.8,87.9,0
A,2021-03-18,1896,0,0,1,9.8,92.8,0
A,2021-03-19,1862,0,0,1,9.9,91.6,0
A,2021-03-20,1853,0,0,1,10.2,74.3,0
A,2021-03-21,1867,0,0,1,10.3,54.3,0
A,2021-03-22,1893,0,0,1,10.5,51.2,0
A,2021-03-23,1895,0,0,0,10.7,59.1,0
A,2021-03-24,1890,0,0,0,11,68.9,0
A,2021-03-25,1877,0,0,0,11.4,52,0
A,2021-03-26,1898,0,0,1,11.5,95.6,0
A,2021-03-27,1859,0,0,1,11.7,83.5,0
A,2021-03-28,1847,0,0,1,12.3,80.4,0
A,2021-03-29,1881,0,0,1,12.8,72.6,0
A,2021-03-30,1898,0,0,1,13.2,87.4,0
A,2021-03-31,1874,0,0,1,13.3,95,0
A,2021-04-01,1867,0,0,1,13.4,96.4,0
A,2021-04-02,1857,0,0,1,13.4,92.3,0
A,2021-04-03,1833,0,0,1,13.4,88.9,1
A,2021-04-04,1848,0,0,1,13.4,50.5,1
A,2021-04-05,1877,0,0,1,13.2,70.4,1
A,2021-04-06,1952,0,0,1,13.1,73.5,0
A,2021-04-07,1900,0,0,1,13,95,0
A,2021-04-08,1905,0,0,1,13.1,69.7,0
A,2021-04-09,1891,0,0,1,13.4,59,0
A,2021-04-10,1870,0,0,1,13.9,66.8,0
A,2021-04-11,1852,0,0,1,14.1,91.6,0
A,2021-04-12,1890,0,0,1,14.3,79.1,0
A,2021-04-13,1922,0,0,1,14.6,77.7,0
A,2021-04-14,1887,0,0,1,14.8,74.5,0
A,2021-04-15,1876,0,0,0,15,80.2,0
A,2021-04-16,1890,0,0,0,15,66.1,0
A,2021-04-17,1871,0,0,0,15.2,45.1,0
A,2021-04-18,1850,0,0,0,15.1,65.3,0
A,2021-04-19,1906,0,0,0,15.2,58.2,0
A,2021-04-20,1899,0,0,0,15.1,91.7,0
A,2021-04-21,1901,0,0,0,15.2,96.1,0
A,2021-04-22,1879,0,0,0,15.4,84.4,0
A,2021-04-23,1892,0,0,0,15.7,79,0
A,2021-04-24,1858,0,0,0,15.8,93.3,0
A,2021-04-25,1854,0,0,0,16,85.4,0
A,2021-04-26,1890,0,0,0,16.1,86.3,0
A,2021-04-27,1901,0,0,0,16.3,80.5,0
A,2021-04-28,1872,0,0,0,16.5,65.3,0
A,2021-04-29,1872,0,0,0,17,63.5,0
A,2021-04-30,1851,0,0,0,17.4,57.4,0
A,2021-05-01,1836,0,0,0,17.8,60.2,1
A,2021-05-02,1858,0,0,0,17.9,54.3,1
A,2021-05-03,1865,0,0,0,18,91.1,1
A,2021-05-04,1891,0,0,0,18.1,67.3,1
A,2021-05-05,1887,0,0,0,18.3,52,1
A,2021-05-06,1921,0,0,0,18.5,81.2,0
A,2021-05-07,1910,0,0,0,18.6,74.4,0
A,2021-05-08,1889,0,0,0,18.9,73,0
A,2021-05-09,1861,0,0,0,19.3,70.7,0
A,2021-05-10,1905,0,0,1,19.7,86.9,0
A,2021-05-11,1892,0,0,1,19.7,91.8,0
A,2021-05-12,1903,0,0,1,19.9,88,0
A,2021-05-13,1884,0,0,1,20.2,92.9,0
A,2021-05-14,1887,0,0,1,20.5,94.2,0
A,2021-05-15,1875,0,0,1,20.7,92.1,0
A,2021-05-16,1854,0,0,1,20.8,85.6,0
A,2021-05-17,1898,0,0,1,20.9,78.8,0
A,2021-05-18,1884,0,0,1,21.1,84.5,0
A,2021-05-19,1872,0,0,1,21.1,89.3,0
A,2021-05-20,1884,0,0,1,21.1,80.3,0
A,2021-05-21,1870,0,0,1,21.1,79.8,0
A,2021-05-22,1860,0,0,1,21,84.2,0
A,2021-05-23,1850,0,0,1,20.8,87.7,0
A,2021-05-24,1905,0,0,1,20.9,73.6,0
A,2021-05-25,1913,0,0,1,21.2,78.3,0
A,2021-05-26,1897,0,0,1,21.1,95.4,0
A,2021-05-27,1878,0,0,1,21.2,88,0
A,2021-05-28,1880,0,0,1,21.3,86.8,0
A,2021-05-29,1850,0,0,1,21.4,82.2,0
A,2021-05-30,1851,0,0,0,21.4,83.2,0
A,2021-05-31,1909,0,0,0,21.4,78.2,0
A,2021-06-01,1878,0,0,0,21.6,73.5,0
A,2021-06-02,1879,0,0,0,22.1,71.7,0
A,2021-06-03,1880,0,0,0,22,88,0
A,2021-06-04,1900,0,0,0,22,68.6,0
A,2021-06-05,1862,0,0,0,22.1,64.3,0
A,2021-06-06,1861,0,0,0,22.3,56.8,0
A,2021-06-07,1890,0,0,0,22.9,59.7,0
A,2021-06-08,1885,0,0,0,23.4,67.1,0
A,2021-06-09,1888,0,0,0,23.8,70.6,0
A,2021-06-10,1898,0,0,0,24.2,85.9,0
A,2021-06-11,1865,0,0,0,24.5,75.8,0
A,2021-06-12,1844,0,0,0,24.7,93.9,1
A,2021-06-13,1860,0,0,0,25,82.4,1
A,2021-06-14,1857,0,0,0,25.6,71.9,1
A,2021-06-15,1891,0,0,0,25.9,81.7,0
A,2021-06-16,1912,0,0,0,26.2,88.1,0
A,2021-06-17,1875,0,0,0,26.4,86.2,0
A,2021-06-18,1874,0,0,0,26.4,87.1,0
A,2021-06-19,1861,0,0,0,26.3,95.1,0
A,2021-06-20,1863,0,0,0,26.3,83.4,0
A,2021-06-21,1931,0,0,0,26.4,83.5,0
A,2021-06-22,1890,0,0,0,26.4,71.7,0
A,2021-06-23,1888,0,0,0,26.4,64.9,0
A,2021-06-24,1890,0,0,0,26.4,68.7,0
A,2021-06-25,1903,0,0,0,26.8,78.2,0
A,2021-06-26,1883,0,0,0,27,93,0
A,2021-06-27,1838,0,0,0,27,94,0
A,2021-06-28,1916,0,0,0,27.1,78.7,0
A,2021-06-29,1910,0,0,0,27.1,77.1,0
A,2021-06-30,1905,0,0,0,27.2,82.1,0
A,2021-07-01,1912,0,0,0,27.1,87.7,0
A,2021-07-02,1877,0,0,0,27.1,95.9,0
A,2021-07-03,1865,0,0,0,27,85.4,0
A,2021-07-04,1847,0,0,0,27,96.6,0
A,2021-07-05,1921,0,0,0,26.7,97.9,0
A,2021-07-06,1935,0,0,0,26.6,94.6,0
A,2021-07-07,1920,0,0,0,26.4,94.4,0
A,2021-07-08,1888,0,0,0,26.3,94.1,0
A,2021-07-09,1879,0,0,0,26.6,85.4,0
A,2021-07-10,1861,0,0,0,27,81.1,0
A,2021-07-11,1843,0,0,0,27.4,73.9,0
A,2021-07-12,1929,0,0,0,27.6,86.6,0
A,2021-07-13,1891,0,0,0,27.7,78.4,0
A,2021-07-14,1919,0,0,0,27.9,72.4,0
A,2021-07-15,1905,0,0,0,28.1,77.5,0
A,2021-07-16,1871,0,0,0,28.1,91.2,0
A,2021-07-17,1851,0,0,0,28,93.2,0
A,2021-07-18,1855,0,0,0,27.9,93.9,0
A,2021-07-19,1929,0,0,0,27.9,94.9,0
A,2021-07-20,1901,0,0,0,27.9,89.4,0
A,2021-07-21,1901,0,0,0,27.8,83,0
A,2021-07-22,1905,0,0,0,27.8,79.3,0
A,2021-07-23,1887,0,0,0,27.9,82,0
A,2021-07-24,1855,0,0,0,28,74.6,0
A,2021-07-25,1856,0,0,0,28.2,74.2,0
A,2021-07-26,1932,0,0,0,28.4,74.3,0
A,2021-07-27,1896,0,0,0,28.6,80.7,0
A,2021-07-28,1888,0,0,0,28.6,82.3,0
A,2021-07-29,1873,0,0,0,28.7,75.2,0
A,2021-07-30,2002,0,0,0,28.8,75.8,0
A,2021-07-31,1898,0,0,0,28.9,77.7,0
A,2021-08-01,1855,0,0,0,29,74,0
A,2021-08-02,1911,0,0,0,29,77.6,0
A,2021-08-03,1903,0,0,0,29.1,74.3,0
A,2021-08-04,1872,0,0,0,29.1,76.4,0
A,2021-08-05,1856,0,0,0,29,72.9,0
A,2021-08-06,1840,0,0,0,29,75.3,0
A,2021-08-07,1848,0,0,0,29.1,77.4,0
A,2021-08-08,1840,0,0,0,29.2,75.4,0
A,2021-08-09,1871,0,0,1,29.2,97,0
A,2021-08-10,1855,0,0,1,29.2,96.2,0
A,2021-08-11,1868,0,0,1,29.1,95.2,0
A,2021-08-12,1853,0,0,1,29,93.9,0
A,2021-08-13,1843,0,0,1,28.6,95.7,0
A,2021-08-14,1864,0,0,1,28.4,90.3,0
A,2021-08-15,1841,0,0,1,28.2,93.2,0
A,2021-08-16,1873,0,0,1,28,95.2,0
A,2021-08-17,1878,0,0,1,27.9,87.7,0
A,2021-08-18,1871,0,0,1,27.9,83.9,0
A,2021-08-19,1864,0,0,1,28,83.9,0
A,2021-08-20,1847,0,0,1,27.9,93.9,0
A,2021-08-21,1856,0,0,1,27.8,83.6,0
A,2021-08-22,1837,0,0,1,27.8,87.5,0
A,2021-08-23,1860,0,0,1,27.4,91.3,0
A,2021-08-24,1890,0,0,1,27.2,91.2,0
A,2021-08-25,1888,0,0,1,27,86.8,0
A,2021-08-26,1877,0,0,1,26.6,94.3,0
A,2021-08-27,1847,0,0,1,26.2,94.4,0
A,2021-08-28,1815,0,0,1,25.9,88.9,0
A,2021-08-29,1840,0,0,1,25.9,84.9,0
A,2021-08-30,1862,0,0,1,25.8,77.1,0
A,2021-08-31,1877,0,0,1,26,80.3,0
A,2021-09-01,1877,0,0,1,26,86.4,0
A,2021-09-02,1875,0,0,1,25.9,86.2,0
A,2021-09-03,1859,0,0,1,26.1,82.8,0
A,2021-09-04,1855,0,0,1,26.3,79.4,0
A,2021-09-05,1836,0,0,0,26.4,82.5,0
A,2021-09-06,1873,0,0,0,26.3,84.3,0
A,2021-09-07,1876,0,0,0,26.3,84.4,0
A,2021-09-08,1876,0,0,0,26.2,76.3,0
A,2021-09-09,1863,0,0,0,26.1,80.9,0
A,2021-09-10,1881,0,0,0,26,75.4,0
A,2021-09-11,1843,0,0,0,26.1,65.6,0
A,2021-09-12,1843,0,0,0,26,67.1,0
A,2021-09-13,1889,0,0,0,25.9,74.5,0
A,2021-09-14,1884,0,0,0,25.9,63.7,0
A,2021-09-15,1882,0,0,0,26,65.7,0
A,2021-09-16,1873,0,0,0,26,65.5,0
A,2021-09-17,1893,0,0,0,26.3,65.6,0
A,2021-09-18,1860,0,0,0,26.6,60.9,0
A,2021-09-19,1843,0,0,1,26.6,83.3,1
A,2021-09-20,1851,0,0,1,26.3,83.4,1
A,2021-09-21,1864,0,0,1,26.2,75.1,1
A,2021-09-22,1905,0,0,1,26.1,61.3,0
A,2021-09-23,1897,0,0,1,26.3,60.9,0
A,2021-09-24,1894,0,0,1,26.4,72.2,0
A,2021-09-25,1873,0,0,1,26.4,72.5,0
A,2021-09-26,1856,0,0,1,26.3,75.6,0
A,2021-09-27,1899,0,0,1,26.4,74.8,0
A,2021-09-28,1880,0,0,1,26.4,83.6,0
A,2021-09-29,1886,0,0,1,26.3,79.8,0
A,2021-09-30,1871,0,0,1,26.2,77.2,0
A,2021-10-01,1849,0,0,1,26.2,74.5,1
A,2021-10-02,1864,0,0,0,26.2,64.8,1
A,2021-10-03,1883,0,0,0,26.3,64.9,1
A,2021-10-04,1876,0,0,0,26.3,64.6,1
A,2021-10-05,1880,0,0,0,25.9,79,1
A,2021-10-06,1866,0,0,0,25.5,81.2,1
A,2021-10-07,1891,0,0,0,25,81.3,1
A,2021-10-08,1907,0,0,0,24.6,82.8,0
A,2021-10-09,1894,0,0,0,24.2,83.8,0
A,2021-10-10,1864,0,0,0,23.6,72.6,0
A,2021-10-11,1910,0,0,0,23.3,56.4,0
A,2021-10-12,1925,0,0,0,23,52.3,0
A,2021-10-13,1893,0,0,0,22.8,52.3,0
A,2021-10-14,1884,0,0,0,22.3,85.6,0
A,2021-10-15,1889,0,0,0,21.7,92.8,0
A,2021-10-16,1882,0,0,0,21,79.1,0
A,2021-10-17,1868,0,0,0,20.2,70,0
A,2021-10-18,1901,0,0,0,19.6,81.2,0
A,2021-10-19,1915,0,0,0,19.1,86.8,0
A,2021-10-20,1898,0,0,0,18.4,95.4,0
A,2021-10-21,1880,0,0,0,18,82.7,0
A,2021-10-22,1889,0,0,0,17.6,79.3,0
A,2021-10-23,1871,0,0,0,17,71,0
A,2021-10-24,1869,0,0,0,16.4,70.9,0
A,2021-10-25,1933,0,0,0,15.7,72.6,0
A,2021-10-26,1889,0,0,0,15.2,77.9,0
A,2021-10-27,1890,0,0,0,15.2,68.8,0
A,2021-10-28,1877,0,0,0,15.2,69.2,0
A,2021-10-29,1880,0,0,0,15.3,73.8,0
A,2021-10-30,1874,0,0,0,15.3,74.8,0
A,2021-10-31,1855,0,0,0,15.2,64.5,0
A,2021-11-01,1919,0,0,0,15.4,67.3,0
A,2021-11-02,1927,0,0,0,15.4,75.3,0
A,2021-11-03,1893,0,0,0,15.4,76.3,0
A,2021-11-04,1902,0,0,0,15.3,81.1,0
A,2021-11-05,1892,0,0,0,15.3,87.5,0
A,2021-11-06,1861,0,0,0,15.4,82,0
A,2021-11-07,1860,0,0,0,15,80.1,0
A,2021-11-08,1926,0,0,0,14.8,60.8,0
A,2021-11-09,1899,0,0,0,14.7,61.8,0
A,2021-11-10,1895,0,0,0,14.6,58.2,0
A,2021-11-11,1894,0,0,0,14.7,56.4,0
A,2021-11-12,1881,0,0,0,14.6,59.8,0
A,2021-11-13,1860,0,0,0,14.5,58,0
A,2021-11-14,1845,0,0,0,14.5,64.3,0
A,2021-11-15,1938,0,1,0,14.5,53.9,0
A,2021-11-16,1923,0,1,0,14.6,55.3,0
A,2021-11-17,1901,0,1,0,14.4,73.5,0
A,2021-11-18,1897,0,1,0,14.2,70.2,0
A,2021-11-19,1891,0,1,0,14.1,73.1,0
A,2021-11-20,1867,0,1,0,13.9,78.8,0
A,2021-11-21,1889,0,1,0,13.6,35.3,0
A,2021-11-22,1944,0,1,0,13.1,41.4,0
A,2021-11-23,1921,0,1,0,12.6,46.1,0
A,2021-11-24,1949,0,1,0,12.3,60.2,0
A,2021-11-25,1973,0,1,0,11.9,63.9,0
A,2021-11-26,1948,0,1,0,11.7,50,0
A,2021-11-27,1942,0,1,0,11.3,59.3,0
A,2021-11-28,1905,0,1,0,11,66.3,0
A,2021-11-29,2090,0,1,0,11.3,66.1,0
A,2021-11-30,1963,0,1,0,11.3,45.1,0
A,2021-12-01,2015,0,1,0,11.1,50.4,0
A,2021-12-02,1987,0,1,0,11,54.5,0
A,2021-12-03,1971,0,1,0,10.8,50.8,0
A,2021-12-04,1934,0,1,0,10.7,51.7,0
A,2021-12-05,1897,0,1,0,10.5,58.1,0
A,2021-12-06,2023,0,1,0,10.4,45.4,0
A,2021-12-07,2058,0,1,0,10.1,62.9,0
A,2021-12-08,1981,0,1,0,9.8,72.1,0
A,2021-12-09,1954,0,1,0,9.6,75.7,0
A,2021-12-10,1964,0,1,0,9.6,62.9,0
A,2021-12-11,1944,0,1,0,9.3,91.9,0
A,2021-12-12,1879,0,1,0,9.1,84.4,0
A,2021-12-13,2039,0,1,0,8.9,82.5,0
A,2021-12-14,2000,0,1,0,9,80,0
A,2021-12-15,1944,0,0,0,9.2,88,0
A,2021-12-16,1967,0,0,0,9.1,51.7,0
A,2021-12-17,1934,0,0,0,8.9,40,0
A,2021-12-18,1892,0,0,0,8.6,49.5,0
A,2021-12-19,1903,0,0,0,8.5,48.2,0
A,2021-12-20,1970,0,1,0,8.4,56.2,0
A,2021-12-21,1914,0,1,0,8.3,67.4,0
A,2021-12-22,1948,0,1,0,8.4,65.9,0
A,2021-12-23,1928,0,1,0,8.5,66.2,0
A,2021-12-24,1935,0,1,0,8.3,81.9,0
A,2021-12-25,1898,0,1,0,7.9,54.2,0
A,2021-12-26,1871,0,1,0,7.4,42.2,0
A,2021-12-27,1993,0,1,0,7.1,39.8,0
A,2021-12-28,2032,0,1,0,6.8,59,0
A,2021-12-29,2083,0,1,0,6.6,63.2,0
A,2021-12-30,2198,0,1,0,6.3,48.9,0
A,2021-12-31,2196,0,1,0,6.2,52.1,0
A,2022-01-01,1981,0,1,0,5.9,55.9,1
A,2022-01-02,1975,0,1,0,5.7,60.8,1
A,2022-01-03,2123,0,1,0,5.8,49,1
A,2022-01-04,2309,0,0,0,5.7,86.8,0
A,2022-01-05,2225,0,0,0,5.5,89.1,0
A,2022-01-06,2086,0,0,0,5.2,83.9,0
A,2022-01-07,2083,0,0,0,5,77.3,0
A,2022-01-08,2126,0,0,0,5.1,81,0
A,2022-01-09,2043,0,0,0,5.1,82.4,0
A,2022-01-10,2166,0,0,0,4.9,91.9,0
A,2022-01-11,2184,0,0,0,4.6,87.1,0
A,2022-01-12,2195,0,0,0,4.4,80.3,0
A,2022-01-13,2127,0,0,0,4.1,50.5,0
A,2022-01-14,2136,0,0,0,3.8,80.1,0
A,2022-01-15,2140,0,0,0,4,77.2,0
A,2022-01-16,2046,0,0,0,4.4,72.8,0
A,2022-01-17,2227,0,0,0,4.7,75.7,0
A,2022-01-18,2194,0,0,0,4.9,77.9,0
A,2022-01-19,2148,0,0,0,5,78,0
A,2022-01-20,2127,0,0,0,5.1,81.1,0
A,2022-01-21,2145,0,0,0,5,95.6,0
A,2022-01-22,2088,0,0,1,4.9,95.9,0
A,2022-01-23,2055,0,0,1,4.7,93.5,0
A,2022-01-24,2117,0,0,1,4.6,92,0
A,2022-01-25,2056,0,0,1,4.4,90.5,0
A,2022-01-26,2026,0,0,1,4.2,93.6,0
A,2022-01-27,1963,0,0,1,4.2,87.2,0
A,2022-01-28,1974,0,0,1,4,89,0
A,2022-01-29,1941,0,0,1,3.8,85.5,0
A,2022-01-30,1896,0,0,1,3.7,80.9,0
A,2022-01-31,1896,0,0,1,3.6,58.2,1
A,2022-02-01,1901,0,0,1,3.6,47.5,1
A,2022-02-02,1941,0,0,1,3.6,64.4,1
A,2022-02-03,1903,0,0,1,3.5,71.6,1
A,2022-02-04,1980,0,0,1,3.6,63.2,1
A,2022-02-05,1966,0,0,0,3.7,63.2,1
A,2022-02-06,2025,0,0,0,3.5,73.1,1
A,2022-02-07,2137,0,0,0,3.2,87.7,0
A,2022-02-08,2217,0,0,0,3,79.4,0
A,2022-02-09,2256,0,0,0,3,79.8,0
A,2022-02-10,2196,0,0,0,2.9,76.9,0
A,2022-02-11,2141,0,0,0,2.9,80.1,0
A,2022-02-12,2025,0,0,0,3,86.1,0
A,2022-02-13,1974,0,0,0,3.1,83.7,0
A,2022-02-14,2103,0,0,0,3.3,76.4,0
A,2022-02-15,1914,0,0,0,3.5,72.7,0
A,2022-02-16,2351,0,0,0,3.6,76.4,0
A,2022-02-17,2349,0,0,0,3.5,89.1,0
A,2022-02-18,2217,0,0,0,3.5,87.3,0
A,2022-02-19,2054,0,0,0,3.5,79.4,0
A,2022-02-20,2090,0,0,0,3.6,55.9,0
A,2022-02-21,2260,0,0,0,3.7,59.3,0
A,2022-02-22,2164,1,0,0,3.8,57.5,0
A,2022-02-23,2117,1,0,0,3.9,66.7,0
A,2022-02-24,2143,1,0,0,4.1,63.6,0
A,2022-02-25,2149,1,0,0,4.3,61.1,0
A,2022-02-26,2096,1,0,0,4.6,59.8,0
A,2022-02-27,2048,1,0,0,5,54.1,0
A,2022-02-28,2161,1,0,0,5.4,67.4,0
A,2022-03-01,2156,1,0,0,5.9,40.6,0
A,2022-03-02,2116,1,0,0,6.4,50.7,0
A,2022-03-03,2143,1,0,0,7,62.8,0
A,2022-03-04,2066,1,0,0,7.5,56.3,0
A,2022-03-05,2027,1,0,0,8,36.4,0
A,2022-03-06,1966,1,0,0,8.2,73.1,0
A,2022-03-07,2221,1,0,0,8.6,68.9,0
A,2022-03-08,2101,1,0,0,9,52.5,0
A,2022-03-09,1957,1,0,0,9.5,50,0
A,2022-03-10,2117,1,0,0,10,57.6,0
A,2022-03-11,2158,1,0,0,10.9,52.5,0
A,2022-03-12,2077,1,0,0,11.8,65.7,0
A,2022-03-13,2005,1,0,0,12.8,71.5,0
A,2022-03-14,2185,1,0,0,13.4,71.4,0
A,2022-03-15,2101,2,0,0,14.2,73.8,0
A,2022-03-16,2164,3,0,0,14.7,83.9,0
A,2022-03-17,2049,3,0,0,14.8,84.9,0
A,2022-03-18,2021,3,0,0,14.9,82.2,0
A,2022-03-19,2036,3,0,0,14.9,79.7,0
A,2022-03-20,1959,3,0,0,14.7,96.7,0
A,2022-03-21,2079,3,0,0,14.4,94.7,0
A,2022-03-22,2106,3,0,0,14.1,92.9,0
A,2022-03-23,2084,3,0,0,14,79.7,0
A,2022-03-24,2103,3,0,0,14,85.7,0
A,2022-03-25,2083,3,0,0,13.8,88.2,0
A,2022-03-26,2005,3,0,0,13.7,62.3,0
A,2022-03-27,1983,3,0,0,13.5,58.5,0
A,2022-03-28,2215,3,0,0,13.8,60.5,0
A,2022-03-29,2235,3,0,0,14,68.3,0
A,2022-03-30,2155,3,0,0,14.1,80.5,0
A,2022-03-31,2120,3,0,0,13.9,83.4,0
A,2022-04-01,2072,3,0,0,13.6,56.6,0
A,2022-04-02,1953,3,0,0,13.3,62.6,0
A,2022-04-03,1991,3,0,0,13.1,45.9,1
A,2022-04-04,2017,3,0,0,12.9,50.2,1
A,2022-04-05,2068,3,0,0,12.9,68,1
A,2022-04-06,2256,3,0,0,12.8,65.8,0
A,2022-04-07,2294,3,0,0,12.9,61.7,0
A,2022-04-08,2249,0,0,0,13.7,44,0
A,2022-04-09,2149,0,0,0,14.4,41.9,0
A,2022-04-10,2024,0,0,0,15.1,53.7,0
A,2022-04-11,2279,0,0,0,16.1,58.6,0
A,2022-04-12,2261,0,0,0,16.6,73.1,0
A,2022-04-13,2202,0,0,0,17,68.5,0
A,2022-04-14,2146,0,0,0,17.2,64.1,0
A,2022-04-15,2159,0,0,0,17.3,64.7,0
A,2022-04-16,2044,0,0,0,17.4,66.7,0
A,2022-04-17,2028,0,0,0,17.4,72.2,0
A,2022-04-18,2339,0,0,0,17.6,64.6,0
A,2022-04-19,2255,0,0,0,17.7,57,0
A,2022-04-20,2161,0,0,0,17.7,81.7,0
A,2022-04-21,2133,0,0,0,17.9,63.7,0
A,2022-04-22,2200,0,0,0,18.3,80.8,0
A,2022-04-23,2148,0,0,0,18.7,79.4,0
A,2022-04-24,2136,0,0,1,19.2,77.5,0
A,2022-04-25,2317,0,0,1,19.5,90.1,0
A,2022-04-26,2179,0,0,1,19.8,75,0
A,2022-04-27,2171,0,0,1,20,66.8,0
A,2022-04-28,2031,0,0,1,19.7,88.3,0
A,2022-04-29,2103,0,0,1,19.4,76.4,0
A,2022-04-30,1978,0,0,1,19,77.5,1
A,2022-05-01,2027,0,0,1,18.7,64.3,1
A,2022-05-02,2117,0,0,1,18.4,60.8,1
A,2022-05-03,2102,0,0,1,18.2,55.5,1
A,2022-05-04,2143,0,0,0,18.4,51,1
A,2022-05-05,2357,0,0,0,18.8,51.5,0
A,2022-05-06,2182,0,0,0,19.3,56.4,0
A,2022-05-07,2209,0,0,0,19.7,68.4,0
A,2022-05-08,2094,0,1,0,20.1,73.2,0
A,2022-05-09,2252,0,1,0,20.1,83.3,0
A,2022-05-10,2239,0,1,0,20,81.3,0
A,2022-05-11,2156,0,1,0,20,79.2,0
A,2022-05-12,2177,0,1,0,20.1,76.5,0
A,2022-05-13,2069,0,1,0,20,73.6,0
A,2022-05-14,2079,0,1,0,19.7,73.6,0
A,2022-05-15,2035,0,1,0,19.6,63.2,0
A,2022-05-16,2186,0,1,0,19.3,59,0
A,2022-05-17,2301,0,1,0,19.3,51.6,0
A,2022-05-18,2148,0,1,0,19.1,81.9,0
A,2022-05-19,2083,0,1,0,18.8,95.3,0
A,2022-05-20,2186,0,1,0,19.1,83.1,0
A,2022-05-21,2121,0,1,0,19.5,70.1,0
A,2022-05-22,2042,0,1,0,19.9,74.7,0
A,2022-05-23,2249,0,1,0,20.2,70,0
A,2022-05-24,2142,0,1,0,20.5,68.7,0
A,2022-05-25,2127,0,1,0,20.7,70.8,0
A,2022-05-26,2091,0,1,0,20.7,82.2,0
A,2022-05-27,2051,0,1,0,20.6,82.7,0
A,2022-05-28,2030,0,1,0,20.5,90.5,0
A,2022-05-29,1981,0,1,0,20.6,81.4,0
A,2022-05-30,2123,0,1,0,20.8,73.6,0
A,2022-05-31,2087,0,1,0,21.4,77.1,0
A,2022-06-01,2041,0,1,0,21.7,84.9,0
A,2022-06-02,2058,0,1,0,22.1,83,0
A,2022-06-03,2013,0,1,0,22.4,85.4,1
A,2022-06-04,1980,0,0,0,22.8,92.4,1
A,2022-06-05,2045,0,0,0,23.2,76.1,1
A,2022-06-06,2216,0,0,0,23.7,65.4,0
A,2022-06-07,2153,0,0,0,24.1,60.7,0
A,2022-06-08,2106,0,0,0,24.5,58.9,0
A,2022-06-09,2073,0,0,0,24.9,65.1,0
A,2022-06-10,2095,0,0,0,25.4,66.9,0
A,2022-06-11,2040,0,0,0,25.7,66.6,0
A,2022-06-12,2016,0,0,0,25.7,84.8,0
A,2022-06-13,2131,0,0,0,25.9,74.6,0
A,2022-06-14,2118,0,0,0,26,72.5,0
A,2022-06-15,2058,0,0,0,26.2,62.1,0
A,2022-06-16,2086,0,0,0,26.4,62.4,0
A,2022-06-17,2021,0,0,0,26.7,63.9,0
A,2022-06-18,1954,0,0,0,26.8,78.9,0
A,2022-06-19,1976,0,0,0,27,92.3,0
A,2022-06-20,2121,0,0,0,27.2,75.8,0
A,2022-06-21,2069,0,0,0,27.3,82,0
A,2022-06-22,2060,0,0,0,27.4,75.8,0
A,2022-06-23,2052,0,0,0,27.6,89.6,0
A,2022-06-24,2045,0,0,0,27.7,85.8,0
A,2022-06-25,2082,0,0,0,27.8,68.7,0
A,2022-06-26,1986,0,0,0,28.1,65,0
A,2022-06-27,2151,0,0,0,28.1,87.1,0
A,2022-06-28,2130,0,0,0,28.1,81.5,0
A,2022-06-29,2262,0,0,0,28.2,76.2,0
A,2022-06-30,2233,0,0,0,28.2,75.4,0
A,2022-07-01,2270,0,0,0,28.3,71.1,0
A,2022-07-02,2082,0,0,0,28.4,72.3,0
A,2022-07-03,2096,0,0,0,28.5,86,0
A,2022-07-04,2294,0,0,0,28.7,91.7,0
A,2022-07-05,2300,0,0,0,28.7,95.3,0
A,2022-07-06,2277,0,0,0,28.8,83.1,0
A,2022-07-07,2308,0,0,0,28.9,76.6,0
A,2022-07-08,2163,0,0,0,28.8,83,0
A,2022-07-09,2093,0,0,0,29,75.6,0
A,2022-07-10,2105,0,0,0,29.2,69.6,0
A,2022-07-11,2300,0,0,0,29.5,65.4,0
A,2022-07-12,2237,0,0,0,29.6,68.1,0
A,2022-07-13,2189,0,0,0,29.8,68.2,0
A,2022-07-14,2199,0,0,0,29.9,68.4,0
A,2022-07-15,2268,0,0,0,30.1,68.9,0
A,2022-07-16,2168,0,0,0,30.3,73.9,0
A,2022-07-17,2061,0,0,0,30.2,81.4,0
A,2022-07-18,2367,0,0,0,30.2,71.4,0
A,2022-07-19,2268,0,0,0,30.2,89.2,0
A,2022-07-20,2169,0,0,0,30,96.2,0
A,2022-07-21,2299,0,0,0,29.9,87.1,0
A,2022-07-22,2142,0,0,0,30,75.4,0
A,2022-07-23,2099,0,0,0,29.7,85.6,0
A,2022-07-24,2065,0,0,0,29.6,73.3,0
A,2022-07-25,2314,0,0,0,29.8,74.9,0
A,2022-07-26,2199,0,0,0,29.8,82.3,0
A,2022-07-27,2167,0,0,0,30,79.8,0
A,2022-07-28,2090,0,0,0,29.9,92.9,0
A,2022-07-29,2066,0,0,0,29.8,79.1,0
A,2022-07-30,2030,0,0,0,29.8,76.2,0
A,2022-07-31,2024,0,0,0,29.7,73.9,0
A,2022-08-01,2165,0,0,0,29.6,71.6,0
A,2022-08-02,2108,0,0,0,29.6,73.7,0
A,2022-08-03,2033,0,0,0,29.5,72.3,0
A,2022-08-04,2095,0,0,0,29.5,71.5,0
A,2022-08-05,2026,0,1,0,29.5,64,0
A,2022-08-06,1939,0,1,0,29.5,64.9,0
A,2022-08-07,1963,0,1,0,29.5,63.8,0
A,2022-08-08,2040,0,1,0,29.7,63.3,0
A,2022-08-09,2006,0,1,0,29.8,66.8,0
A,2022-08-10,1968,0,1,0,30,66.6,0
A,2022-08-11,1979,0,1,0,30.4,62.9,0
A,2022-08-12,1938,0,1,0,30.6,59.9,0
A,2022-08-13,1934,0,1,0,30.7,61.1,0
A,2022-08-14,1939,0,1,0,31.1,60.5,0
A,2022-08-15,2033,0,1,0,31.2,64.9,0
A,2022-08-16,1998,0,1,0,31.2,73.9,0
A,2022-08-17,1990,0,1,0,31.4,68,0
A,2022-08-18,1949,0,1,0,31.5,60.3,0
A,2022-08-19,1951,0,1,0,31.9,62.2,0
A,2022-08-20,1902,0,1,0,32.1,68.8,0
A,2022-08-21,1900,0,1,0,32.3,55.6,0
A,2022-08-22,1932,0,1,0,32.4,65.6,0
A,2022-08-23,1934,0,1,0,32.3,75,0
A,2022-08-24,1905,0,1,0,32.1,62.8,0
A,2022-08-25,1915,0,1,0,32,60.2,0
A,2022-08-26,1899,0,1,0,31.8,75.8,0
A,2022-08-27,1887,0,1,0,31.5,79.7,0
A,2022-08-28,1872,0,1,0,31.2,80.8,0
A,2022-08-29,1899,0,1,0,30.7,84.5,0
A,2022-08-30,1870,0,1,0,30.1,82.9,0
A,2022-08-31,1875,0,1,0,29.6,79.7,0
A,2022-09-01,1835,0,1,0,29.2,82.1,0
A,2022-09-02,1819,0,1,0,28.9,60.4,0
A,2022-09-03,1821,0,1,0,28.6,55,0
A,2022-09-04,1818,0,1,0,28.3,60.7,0
A,2022-09-05,1823,0,1,0,28,58.9,0
A,2022-09-06,1836,0,1,0,27.8,52.8,0
A,2022-09-07,1829,0,1,0,27.7,44.1,0
A,2022-09-08,1849,0,1,0,27.6,46.4,0
A,2022-09-09,1850,0,1,0,27.3,50.7,0
A,2022-09-10,1848,0,1,0,27,56,1
A,2022-09-11,1784,0,1,0,26.8,55.6,1
A,2022-09-12,1784,0,1,0,26.5,52.1,1
A,2022-09-13,1785,0,1,0,26.2,55.4,0
A,2022-09-14,1813,0,1,0,26.1,56.3,0
A,2022-09-15,1863,0,1,0,26,65.4,0
A,2022-09-16,1859,0,1,0,25.9,58.9,0
A,2022-09-17,1848,0,1,0,25.9,50,0
A,2022-09-18,1830,0,1,0,26,54.3,0
A,2022-09-19,1876,0,1,0,26.1,38.3,0
A,2022-09-20,1877,0,1,0,26.2,49.5,0
A,2022-09-21,1851,0,1,0,26.1,65.4,0
A,2022-09-22,1866,0,1,0,26.1,72.2,0
A,2022-09-23,1871,0,1,0,26.1,32.2,0
A,2022-09-24,1838,0,1,0,25.8,53.4,0
A,2022-09-25,1841,0,1,0,25.5,65.1,0
A,2022-09-26,1887,0,1,0,25.3,54.1,0
A,2022-09-27,1872,0,1,0,25.2,54.1,0
A,2022-09-28,1870,0,1,0,24.9,60.4,0
A,2022-09-29,1863,0,1,0,24.6,56.8,0
A,2022-09-30,1871,0,1,0,24.6,55.4,0
A,2022-10-01,1853,0,1,0,24.8,50.7,1
A,2022-10-02,1839,0,1,0,24.9,53.1,1
A,2022-10-03,1878,0,1,0,25,60,1
A,2022-10-04,1877,0,1,0,24.4,84.7,1
A,2022-10-05,1898,0,0,0,23.7,94,1
A,2022-10-06,1873,0,0,0,23,96.6,1
A,2022-10-07,1874,0,0,0,22.4,92.2,1
A,2022-10-08,1850,0,0,0,21.9,97.1,0
A,2022-10-09,1846,0,0,0,21.2,53.3,0
A,2022-10-10,1926,0,0,0,20.6,55.4,0
A,2022-10-11,1883,0,0,0,20,51.5,0
A,2022-10-12,1884,0,0,0,19.7,54.5,0
A,2022-10-13,1874,0,0,0,19.6,58,0
A,2022-10-14,1852,0,0,0,19.5,58.9,0
A,2022-10-15,1858,0,0,0,19.4,59.2,0
A,2022-10-16,1870,0,0,0,19.5,52.1,0
A,2022-10-17,1928,0,0,0,19.3,60.3,0
A,2022-10-18,1903,0,0,0,19,51,0
A,2022-10-19,1859,0,0,0,18.6,48.6,0
A,2022-10-20,1876,0,0,0,18.4,52.7,0
A,2022-10-21,1875,0,0,0,18.1,60.9,0
A,2022-10-22,1862,0,0,0,17.7,51.1,0
A,2022-10-23,1882,0,0,0,17.2,54.4,0
A,2022-10-24,1900,0,0,0,16.7,53.8,0
A,2022-10-25,1888,0,0,0,16.2,58.1,0
A,2022-10-26,1886,0,0,0,16.3,91.3,0
A,2022-10-27,1877,0,0,0,16.5,87.6,0
A,2022-10-28,1867,0,0,0,16.7,85.3,0
A,2022-10-29,1840,0,0,0,16.9,63.5,0
A,2022-10-30,1844,0,0,0,17,63.3,0
A,2022-10-31,1883,0,1,0,17.2,63.8,0
A,2022-11-01,1884,0,1,0,17.3,65.4,0
A,2022-11-02,1911,0,1,0,17.4,63.5,0
A,2022-11-03,1873,0,1,0,17.4,58.9,0
A,2022-11-04,1863,0,1,0,17.3,69.3,0
A,2022-11-05,1852,0,1,0,17.1,68.4,0
A,2022-11-06,1839,0,1,0,16.9,63.2,0
A,2022-11-07,1880,0,1,0,16.7,62.8,0
A,2022-11-08,1869,0,1,0,16.8,61.5,0
A,2022-11-09,1885,0,1,0,17,66.7,0
A,2022-11-10,1851,0,1,0,17.3,63.4,0
A,2022-11-11,1867,0,1,0,17.3,84.1,0
A,2022-11-12,1841,0,1,0,17.2,66.8,0
A,2022-11-13,1842,0,1,0,16.6,78.8,0
A,2022-11-14,1875,0,1,0,16.1,88.6,0
A,2022-11-15,1877,0,1,0,15.7,79.2,0
A,2022-11-16,1874,0,1,0,15.5,80.3,0
A,2022-11-17,1878,0,1,0,15.4,71.2,0
A,2022-11-18,1848,0,1,0,15.4,85.3,0
A,2022-11-19,1832,0,1,0,15.3,83.5,0
A,2022-11-20,1824,0,1,0,15.1,79.4,0
A,2022-11-21,1898,0,0,0,15,92.7,0
A,2022-11-22,1888,0,0,0,14.8,88.2,0
A,2022-11-23,1854,0,0,0,14.6,86.8,0
A,2022-11-24,1850,0,0,0,14.5,85,0
A,2022-11-25,1843,0,0,0,14.3,84.8,0
A,2022-11-26,1816,0,0,0,14.3,82.1,0
A,2022-11-27,1814,0,0,1,14.4,87,0
A,2022-11-28,1825,0,0,1,14.2,77.3,0
A,2022-11-29,1822,0,0,1,13.7,54.1,0
A,2022-11-30,1817,0,0,1,12.8,42.6,0
A,2022-12-01,1815,0,0,1,12,49.5,0
A,2022-12-02,1821,0,0,1,11.2,58.2,0
A,2022-12-03,1831,0,0,1,10.6,60.4,0
A,2022-12-04,1817,0,0,1,10,84,0
A,2022-12-05,1834,0,0,1,9.8,78.3,0
A,2022-12-06,1835,0,0,1,9.8,74.9,0
A,2022-12-07,1833,0,0,1,9.6,74.6,0
A,2022-12-08,1823,0,0,1,9.4,71.1,0
A,2022-12-09,1821,0,0,1,9.1,74.1,0
A,2022-12-10,1815,0,0,0,8.7,56.6,0
A,2022-12-11,1817,0,0,0,8.3,59.6,0
A,2022-12-12,1827,0,0,0,7.8,58.4,0
A,2022-12-13,1835,0,0,0,7.5,41.7,0
A,2022-12-14,1819,0,0,0,7.2,41.1,0
A,2022-12-15,1824,0,0,0,7,46.6,0
A,2022-12-16,1822,0,0,0,6.4,62.5,0
A,2022-12-17,1837,0,0,0,5.8,37.7,0
A,2022-12-18,1846,0,0,0,5.3,42.5,0
A,2022-12-19,1868,0,0,0,4.7,46.9,0
A,2022-12-20,1895,0,0,0,4.5,60.8,0
A,2022-12-21,1898,0,1,0,4.6,52.8,0
A,2022-12-22,1912,0,1,0,4.7,39.5,0
A,2022-12-23,1941,0,1,0,4.8,46.6,0
A,2022-12-24,1918,0,1,0,4.9,38.4,0
A,2022-12-25,1908,0,1,0,4.8,39.6,0
A,2022-12-26,1927,0,1,0,4.8,69.3,0
A,2022-12-27,1901,0,1,0,4.8,65.9,0
A,2022-12-28,1908,0,1,0,4.6,59.7,0
A,2022-12-29,1897,0,1,0,4.5,47.6,0
A,2022-12-30,1916,0,1,0,4.2,52.2,0
A,2022-12-31,1900,0,1,0,4.1,58.3,1
